id,starts_at
3595503,01.11.2025 11:00
3643151,02.11.2025 15:00
3645808,03.11.2025 13:00
3219114,02.11.2025 07:00
3313946,01.11.2025 19:00
3386081,02.11.2025 12:00
3386629,02.11.2025 15:00
3386630,02.11.2025 18:00
3386631,03.11.2025 11:00
3386632,03.11.2025 14:00
3386633,03.11.2025 17:00
3390169,03.11.2025 08:00
3420793,02.11.2025 14:00
3420827,01.11.2025 11:30
3420868,01.11.2025 15:00
3420888,03.11.2025 17:00
3420992,02.11.2025 11:30
3421515,03.11.2025 12:00
3439069,01.11.2025 15:00
3497327,01.11.2025 19:30
3499424,02.11.2025 16:00
3499449,02.11.2025 13:00
3499458,03.11.2025 13:00
3501221,01.11.2025 19:00
3521730,01.11.2025 13:00
3523796,01.11.2025 19:00
3529896,01.11.2025 19:00
3529903,02.11.2025 19:00
3529906,03.11.2025 19:00
3553644,01.11.2025 19:30
3553660,02.11.2025 13:30
3558741,03.11.2025 20:00
3563208,01.11.2025 12:00
3563751,01.11.2025 11:00
3565566,01.11.2025 19:00
3565599,02.11.2025 19:00
3566612,02.11.2025 18:00
3570279,03.11.2025 19:30
3572071,01.11.2025 19:00
3572193,01.11.2025 12:00
3574265,02.11.2025 14:00
3574954,03.11.2025 18:30
3578124,01.11.2025 20:00
3580102,01.11.2025 15:00
3582111,01.11.2025 12:00
3582129,03.11.2025 12:00
3584695,01.11.2025 19:30
3585665,01.11.2025 18:30
3585675,02.11.2025 15:00
3585789,03.11.2025 11:30
3585948,01.11.2025 12:00
3585949,01.11.2025 16:00
3585952,02.11.2025 12:00
3585953,02.11.2025 16:00
3586006,01.11.2025 18:30
3586055,02.11.2025 11:30
3586069,02.11.2025 11:30
3586091,02.11.2025 13:30
3586103,02.11.2025 15:15
3588276,01.11.2025 18:00
3589701,01.11.2025 13:00
3589719,02.11.2025 13:00
3591284,02.11.2025 12:30
3591288,01.11.2025 12:30
3591803,01.11.2025 15:00
3591932,01.11.2025 12:00
3592823,01.11.2025 12:00
3592824,02.11.2025 12:00
3592825,03.11.2025 14:00
3593136,01.11.2025 13:00
3594715,01.11.2025 17:00
3594810,01.11.2025 12:00
3594815,01.11.2025 13:20
3594823,02.11.2025 12:00
3594855,02.11.2025 13:20
3594873,02.11.2025 23:55
3594915,03.11.2025 18:30
3595469,01.11.2025 12:00
3595487,02.11.2025 16:00
3595569,02.11.2025 11:00
3596872,01.11.2025 11:00
3596892,01.11.2025 14:30
3597904,02.11.2025 17:00
3598468,02.11.2025 14:00
3598542,01.11.2025 14:00
3599603,01.11.2025 23:55
3600919,01.11.2025 12:30
3600920,02.11.2025 12:30
3601268,01.11.2025 12:00
3601278,02.11.2025 12:00
3602442,01.11.2025 16:00
3602939,01.11.2025 19:30
3603549,02.11.2025 18:00
3603679,01.11.2025 20:00
3603803,03.11.2025 16:00
3603805,03.11.2025 12:00
3604439,02.11.2025 12:00
3605101,01.11.2025 17:00
3605102,01.11.2025 15:00
3605103,01.11.2025 13:00
3605104,02.11.2025 17:00
3605105,02.11.2025 15:00
3605106,02.11.2025 13:00
3605395,01.11.2025 17:00
3605503,02.11.2025 18:30
3606063,01.11.2025 23:45
3606095,03.11.2025 17:30
3607183,01.11.2025 14:00
3607538,01.11.2025 16:00
3607711,01.11.2025 23:00
3608041,02.11.2025 12:00
3608109,03.11.2025 08:30
3609307,01.11.2025 12:00
3609903,02.11.2025 13:00
3610707,01.11.2025 23:00
3611975,02.11.2025 11:00
3611976,03.11.2025 11:00
3611991,01.11.2025 18:00
3612969,03.11.2025 13:00
3613992,01.11.2025 18:30
3614340,02.11.2025 13:00
3614361,02.11.2025 10:00
3614908,01.11.2025 18:00
3614914,01.11.2025 18:00
3615340,03.11.2025 12:00
3615960,03.11.2025 18:30
3616131,01.11.2025 20:15
3616161,02.11.2025 11:30
3616582,01.11.2025 15:00
3616701,03.11.2025 18:00
3616870,02.11.2025 13:00
3616871,02.11.2025 15:00
3617037,01.11.2025 18:00
3617314,01.11.2025 20:00
3617315,02.11.2025 20:00
3617934,02.11.2025 12:00
3618214,02.11.2025 18:00
3618235,02.11.2025 19:00
3618280,01.11.2025 23:55
3618282,02.11.2025 23:55
3618521,02.11.2025 16:00
3618582,01.11.2025 18:30
3618886,01.11.2025 12:00
3619280,01.11.2025 18:00
3619298,02.11.2025 12:00
3619317,01.11.2025 18:30
3619412,01.11.2025 14:30
3619413,01.11.2025 13:30
3619414,01.11.2025 12:30
3619415,01.11.2025 15:30
3619416,01.11.2025 11:00
3619417,01.11.2025 16:30
3619418,02.11.2025 14:30
3619419,02.11.2025 13:30
3619420,02.11.2025 12:30
3619422,02.11.2025 11:00
3619423,02.11.2025 16:30
3619424,03.11.2025 14:30
3619425,03.11.2025 13:30
3619426,03.11.2025 12:30
3619427,03.11.2025 15:30
3619428,03.11.2025 11:00
3619429,03.11.2025 16:30
3619467,01.11.2025 18:00
3620373,01.11.2025 10:00
3620374,02.11.2025 10:00
3620375,03.11.2025 10:00
3620435,03.11.2025 11:00
3620436,03.11.2025 14:00
3620500,01.11.2025 19:00
3621310,01.11.2025 11:00
3621311,01.11.2025 15:00
3621312,02.11.2025 11:00
3621313,02.11.2025 15:00
3621798,02.11.2025 19:00
3621838,01.11.2025 10:17
3622244,01.11.2025 11:30
3622706,02.11.2025 14:00
3622717,02.11.2025 13:00
3622738,03.11.2025 16:40
3624378,02.11.2025 17:00
3624838,01.11.2025 18:00
3625326,02.11.2025 15:30
3625471,01.11.2025 12:00
3625488,01.11.2025 12:00
3625549,01.11.2025 12:00
3625552,01.11.2025 12:00
3625577,01.11.2025 12:00
3625581,01.11.2025 15:45
3625602,01.11.2025 15:00
3625706,01.11.2025 15:00
3625734,02.11.2025 18:00
3625795,01.11.2025 13:00
3625796,02.11.2025 13:00
3625803,01.11.2025 15:00
3625804,01.11.2025 17:00
3625805,02.11.2025 15:00
3625806,02.11.2025 17:00
3625820,02.11.2025 20:00
3626107,02.11.2025 14:30
3626518,01.11.2025 12:00
3626673,01.11.2025 17:00
3626868,01.11.2025 18:30
3626963,03.11.2025 19:00
3627003,03.11.2025 18:45
3627134,01.11.2025 12:00
3627180,01.11.2025 16:00
3627380,01.11.2025 19:30
3627518,01.11.2025 14:00
3627519,01.11.2025 16:00
3627521,01.11.2025 17:30
3627539,02.11.2025 12:00
3627540,02.11.2025 15:00
3627546,01.11.2025 12:00
3627547,01.11.2025 15:00
3627559,01.11.2025 15:00
3627560,02.11.2025 15:00
3627563,01.11.2025 17:00
3627937,02.11.2025 14:00
3628245,01.11.2025 12:00
3628398,02.11.2025 11:00
3628401,02.11.2025 11:00
3628403,03.11.2025 18:20
3628436,01.11.2025 15:00
3628442,01.11.2025 18:30
3628449,02.11.2025 12:00
3628458,02.11.2025 14:00
3628473,02.11.2025 16:00
3628498,02.11.2025 16:00
3628501,02.11.2025 18:00
3628822,01.11.2025 18:00
3628830,03.11.2025 16:00
3628866,01.11.2025 12:00
3628933,02.11.2025 15:00
3628991,03.11.2025 19:00
3629016,01.11.2025 20:00
3629028,01.11.2025 19:30
3629039,02.11.2025 18:30
3629737,01.11.2025 18:00
3629822,03.11.2025 13:00
3629952,02.11.2025 18:00
3630014,01.11.2025 18:00
3630022,01.11.2025 11:00
3630023,02.11.2025 11:00
3630025,03.11.2025 11:00
3630097,01.11.2025 20:00
3630098,02.11.2025 20:00
3630099,02.11.2025 19:00
3630100,02.11.2025 18:00
3630101,02.11.2025 17:00
3630102,02.11.2025 16:00
3630103,02.11.2025 15:00
3630104,02.11.2025 14:00
3630105,02.11.2025 13:00
3630106,02.11.2025 12:00
3630107,01.11.2025 12:00
3630126,01.11.2025 19:00
3630127,01.11.2025 18:00
3630128,01.11.2025 17:00
3630129,01.11.2025 16:00
3630130,01.11.2025 15:00
3630131,01.11.2025 14:00
3630132,01.11.2025 13:00
3630161,03.11.2025 12:00
3630163,03.11.2025 14:00
3630191,03.11.2025 16:00
3630193,03.11.2025 18:00
3630195,03.11.2025 20:00
3630198,03.11.2025 19:00
3630200,03.11.2025 17:00
3630202,03.11.2025 15:00
3630204,03.11.2025 13:00
3630309,01.11.2025 20:00
3630589,01.11.2025 14:00
3630630,02.11.2025 17:00
3630886,01.11.2025 17:30
3630990,03.11.2025 14:00
3631138,02.11.2025 15:00
3631423,01.11.2025 11:00
3633098,01.11.2025 12:00
3633099,02.11.2025 12:00
3633143,02.11.2025 12:00
3633331,01.11.2025 19:00
3633394,03.11.2025 16:00
3633590,03.11.2025 15:00
3633591,03.11.2025 14:00
3633592,03.11.2025 13:00
3633593,03.11.2025 12:00
3633594,03.11.2025 16:00
3633719,02.11.2025 14:30
3633720,03.11.2025 14:30
3633772,01.11.2025 10:10
3633773,02.11.2025 10:10
3633774,03.11.2025 10:10
3634099,01.11.2025 19:00
3634193,01.11.2025 19:00
3634194,02.11.2025 12:00
3634197,02.11.2025 14:00
3634198,02.11.2025 16:00
3634202,02.11.2025 18:30
3634208,03.11.2025 13:00
3634216,03.11.2025 15:00
3634217,03.11.2025 19:00
3634283,02.11.2025 12:00
3634288,01.11.2025 14:30
3634292,01.11.2025 14:00
3634315,02.11.2025 11:00
3634335,02.11.2025 12:30
3634336,02.11.2025 10:30
3634595,02.11.2025 18:00
3634667,02.11.2025 18:00
3634929,01.11.2025 17:30
3634933,02.11.2025 19:00
3635013,02.11.2025 14:00
3635134,01.11.2025 13:00
3635172,01.11.2025 19:00
3635360,02.11.2025 18:30
3635420,02.11.2025 18:30
3635430,01.11.2025 13:00
3635452,02.11.2025 18:30
3635810,01.11.2025 10:07
3635811,02.11.2025 10:07
3635812,03.11.2025 10:07
3635842,02.11.2025 18:40
3635859,01.11.2025 12:00
3635869,03.11.2025 12:00
3635939,03.11.2025 19:30
3635965,01.11.2025 15:00
3636158,02.11.2025 16:00
3636344,01.11.2025 14:00
3636415,02.11.2025 15:00
3636432,01.11.2025 12:15
3636433,03.11.2025 12:15
3636503,01.11.2025 13:00
3636504,02.11.2025 13:00
3636505,03.11.2025 13:00
3636650,01.11.2025 17:00
3636651,02.11.2025 17:00
3636652,03.11.2025 17:00
3636774,01.11.2025 20:00
3636791,01.11.2025 14:00
3637022,02.11.2025 13:00
3637031,01.11.2025 17:00
3637099,01.11.2025 18:00
3637101,02.11.2025 18:00
3637181,02.11.2025 14:30
3637224,01.11.2025 13:00
3637461,01.11.2025 15:00
3637492,01.11.2025 14:00
3637630,03.11.2025 18:30
3637649,01.11.2025 16:30
3637688,02.11.2025 17:00
3637849,01.11.2025 10:00
3638523,01.11.2025 10:00
3638540,01.11.2025 10:00
3638544,01.11.2025 16:30
3638651,01.11.2025 15:15
3638696,01.11.2025 16:00
3638916,01.11.2025 18:00
3638986,01.11.2025 17:00
3639155,03.11.2025 10:19
3639174,03.11.2025 10:23
3639181,03.11.2025 10:28
3639241,02.11.2025 11:00
3639374,01.11.2025 15:00
3639392,02.11.2025 15:00
3639423,01.11.2025 17:00
3639536,01.11.2025 12:00
3639537,02.11.2025 12:00
3639538,02.11.2025 15:00
3639558,01.11.2025 16:00
3639579,01.11.2025 15:00
3639670,02.11.2025 13:00
3639681,01.11.2025 23:00
3639764,02.11.2025 11:00
3640064,01.11.2025 11:00
3640065,01.11.2025 14:00
3640066,01.11.2025 17:00
3640067,02.11.2025 11:00
3640068,02.11.2025 14:00
3640150,01.11.2025 09:05
3640151,01.11.2025 12:05
3640152,01.11.2025 15:05
3640153,02.11.2025 09:05
3640154,02.11.2025 12:05
3640155,02.11.2025 15:05
3640156,03.11.2025 09:05
3640157,03.11.2025 12:05
3640158,03.11.2025 15:05
3640373,02.11.2025 11:00
3640374,02.11.2025 12:30
3640375,02.11.2025 14:00
3640442,01.11.2025 16:00
3640444,01.11.2025 13:30
3640447,01.11.2025 11:00
3640449,02.11.2025 16:00
3640451,02.11.2025 13:30
3640454,02.11.2025 11:00
3640494,03.11.2025 16:00
3640495,03.11.2025 13:30
3640496,03.11.2025 11:00
3641060,01.11.2025 10:00
3641061,02.11.2025 10:00
3641062,03.11.2025 10:00
3641391,02.11.2025 14:00
3641446,02.11.2025 15:00
3641544,01.11.2025 15:00
3641591,01.11.2025 15:00
3641615,01.11.2025 12:00
3641647,01.11.2025 16:30
3641648,02.11.2025 16:30
3641650,01.11.2025 20:30
3641663,01.11.2025 15:00
3641725,03.11.2025 23:55
3641897,01.11.2025 18:00
3641949,02.11.2025 17:00
3641972,02.11.2025 17:30
3642182,01.11.2025 11:00
3642213,03.11.2025 12:00
3642359,02.11.2025 15:00
3642381,01.11.2025 13:00
3642384,01.11.2025 15:00
3642388,01.11.2025 17:00
3642434,02.11.2025 14:00
3642442,03.11.2025 17:00
3642456,01.11.2025 13:00
3642480,03.11.2025 12:00
3642608,03.11.2025 11:00
3642637,02.11.2025 18:30
3642664,03.11.2025 14:00
3642685,01.11.2025 14:00
3642717,03.11.2025 18:00
3642719,02.11.2025 12:00
3642763,03.11.2025 15:00
3642823,01.11.2025 12:00
3642849,01.11.2025 12:00
3642852,02.11.2025 12:00
3643118,01.11.2025 13:00
3643129,02.11.2025 10:11
3643148,02.11.2025 17:00
3643169,02.11.2025 21:00
3643188,02.11.2025 13:00
3643190,03.11.2025 15:00
3643197,02.11.2025 12:00
3643229,02.11.2025 13:00
3643260,01.11.2025 10:00
3643261,02.11.2025 10:00
3643437,02.11.2025 15:00
3643474,01.11.2025 16:00
3643488,02.11.2025 13:00
3643499,02.11.2025 15:00
3643665,01.11.2025 14:00
3643725,03.11.2025 14:00
3643817,01.11.2025 15:00
3644332,01.11.2025 12:00
3644567,02.11.2025 20:00
3644686,01.11.2025 11:30
3645039,02.11.2025 19:30
3645041,01.11.2025 17:00
3646010,01.11.2025 11:00
3646011,01.11.2025 13:00
3646012,01.11.2025 15:00
3646013,03.11.2025 11:00
3646014,03.11.2025 13:00
3646015,03.11.2025 15:00
3646226,02.11.2025 11:00
3646293,01.11.2025 14:30
3646322,03.11.2025 15:30
3646344,02.11.2025 20:30
3646375,02.11.2025 19:30
3646425,02.11.2025 11:30
3646436,01.11.2025 11:00
3646437,01.11.2025 11:30
3646438,01.11.2025 12:00
3646439,01.11.2025 12:30
3646440,01.11.2025 13:00
3646441,01.11.2025 13:30
3646442,01.11.2025 14:00
3646443,01.11.2025 14:30
3646444,01.11.2025 15:00
3646445,01.11.2025 15:30
3646446,01.11.2025 16:00
3646447,01.11.2025 16:30
3646448,01.11.2025 17:00
3646449,01.11.2025 17:30
3646450,01.11.2025 18:00
3646451,01.11.2025 18:30
3646452,01.11.2025 19:00
3646453,01.11.2025 19:30
3646454,02.11.2025 11:00
3646455,02.11.2025 11:30
3646456,02.11.2025 12:00
3646457,02.11.2025 12:30
3646458,02.11.2025 13:00
3646459,02.11.2025 13:30
3646460,02.11.2025 14:00
3646461,02.11.2025 14:30
3646462,02.11.2025 15:00
3646463,02.11.2025 15:30
3646464,02.11.2025 16:00
3646465,02.11.2025 16:30
3646466,02.11.2025 17:00
3646467,02.11.2025 17:30
3646468,02.11.2025 18:00
3646469,02.11.2025 18:30
3646470,02.11.2025 19:00
3646471,02.11.2025 19:30
3646732,02.11.2025 19:30
3646866,03.11.2025 13:00
3646921,03.11.2025 20:00
3647152,01.11.2025 10:30
3647153,01.11.2025 15:30
3647154,02.11.2025 10:30
3647155,02.11.2025 15:30
3647156,03.11.2025 10:30
3647157,03.11.2025 15:30
3647188,01.11.2025 11:00
3647189,01.11.2025 15:00
3647190,02.11.2025 11:00
3647191,02.11.2025 15:00
3647192,03.11.2025 11:00
3647193,03.11.2025 15:00
3647202,01.11.2025 11:00
3647203,01.11.2025 15:00
3647204,02.11.2025 11:00
3647205,02.11.2025 15:00
3647206,03.11.2025 11:00
3647207,03.11.2025 15:00
3647222,01.11.2025 12:00
3647225,01.11.2025 14:00
3647270,02.11.2025 12:00
3647372,02.11.2025 18:30
3647373,01.11.2025 15:00
3647375,01.11.2025 19:00
3647494,01.11.2025 10:28
3647495,02.11.2025 12:30
3647496,03.11.2025 17:00
3647571,03.11.2025 16:00
3647594,02.11.2025 16:30
3647812,01.11.2025 14:00
3647814,01.11.2025 13:00
3647858,03.11.2025 16:00
3647952,03.11.2025 17:30
3647953,02.11.2025 11:00
3648136,03.11.2025 13:00
3648164,03.11.2025 12:00
3648165,01.11.2025 20:00
3648233,01.11.2025 16:00
3648238,03.11.2025 11:00
3648239,03.11.2025 11:30
3648240,03.11.2025 12:00
3648241,03.11.2025 12:30
3648242,03.11.2025 13:00
3648243,03.11.2025 13:30
3648244,03.11.2025 14:00
3648245,03.11.2025 14:30
3648246,03.11.2025 15:00
3648247,03.11.2025 15:30
3648248,03.11.2025 16:00
3648249,03.11.2025 16:30
3648250,03.11.2025 17:00
3648251,03.11.2025 17:30
3648252,03.11.2025 18:00
3648253,03.11.2025 18:30
3648254,03.11.2025 19:00
3648255,03.11.2025 19:30
3648287,02.11.2025 15:00
3648290,01.11.2025 19:00
3648494,02.11.2025 12:00
3648507,01.11.2025 14:00
3648608,02.11.2025 16:00
3648801,01.11.2025 09:00
3648809,01.11.2025 11:00
3648813,01.11.2025 13:00
3648816,01.11.2025 16:00
3648817,02.11.2025 11:00
3648819,01.11.2025 16:00
3648829,02.11.2025 13:00
3648835,02.11.2025 15:00
3648836,02.11.2025 16:00
3648889,01.11.2025 19:00
3648955,03.11.2025 12:00
3649025,02.11.2025 18:00
3649058,02.11.2025 17:30
3649063,03.11.2025 16:00
3649108,03.11.2025 14:00
3649111,01.11.2025 14:10
3649121,02.11.2025 19:00
3649281,02.11.2025 14:00
3649296,03.11.2025 18:00
3649297,03.11.2025 13:00
3649298,02.11.2025 18:00
3649575,02.11.2025 20:00
3649597,02.11.2025 18:00
3649632,02.11.2025 14:00
3649647,03.11.2025 12:00
3649654,03.11.2025 13:00
3649661,02.11.2025 19:00
3649958,01.11.2025 19:00
3649975,02.11.2025 16:00
3650131,01.11.2025 12:21
3650157,01.11.2025 11:00
3650158,02.11.2025 11:00
3650159,03.11.2025 11:00
3650252,01.11.2025 16:00
3650256,02.11.2025 13:30
3650257,03.11.2025 17:00
3650258,02.11.2025 15:30
3650305,01.11.2025 16:00
3650384,01.11.2025 19:00
3650385,02.11.2025 12:00
3650386,03.11.2025 12:00
3650414,01.11.2025 18:30
3650415,02.11.2025 11:00
3650416,03.11.2025 11:00
3650450,03.11.2025 16:00
3650542,03.11.2025 14:00
3650571,02.11.2025 15:00
3650586,02.11.2025 11:00
3650618,02.11.2025 18:00
3650727,02.11.2025 19:00
3650728,01.11.2025 11:00
3650985,01.11.2025 11:00
3650986,01.11.2025 12:00
3650987,01.11.2025 13:00
3650988,01.11.2025 14:00
3650989,01.11.2025 15:00
3650990,01.11.2025 16:00
3650991,01.11.2025 17:00
3650992,01.11.2025 18:00
3650993,01.11.2025 19:00
3651078,01.11.2025 15:00
3651237,02.11.2025 13:00
3651254,03.11.2025 20:00
3651354,02.11.2025 15:00
3651409,02.11.2025 20:00
3651426,03.11.2025 17:00
3651474,02.11.2025 12:00
3651528,03.11.2025 14:30
